"from","to"
409,47076
409,56079
239,79368
409,99378
409,104481
239,126116
409,127626
409,161266
239,168321
239,199045
239,199137
239,199146
1787,201137
1787,201147
1787,201151
1787,201156
239,201281
239,201302
239,201315
239,201324
239,201333
239,201338
239,201347
239,201352
239,201365
239,201370
239,201395
239,201404
239,201413
239,201418
239,201431
239,201440
239,201457
239,201462
239,201467
239,201476
239,201485
239,201498
239,201503
239,201508
239,201513
239,201518
239,201523
239,201528
239,201533
239,201550
239,201555
239,201560
239,203208
239,203544
239,203549
239,203554
239,203559
239,203564
239,203569
239,203574
239,203579
239,203584
239,203589
239,203594
239,203599
239,203604
239,203609
239,203614
239,203619
239,203624
239,203628
239,203632
239,203636
239,203640
239,203644
239,203648
239,203652
239,203656
239,203660
239,203665
239,203670
239,203675
239,203680
239,203685
239,203690
239,203695
239,203700
239,203705
239,203710
239,203715
239,203719
239,203723
239,203727
239,203731
239,203735
239,203739
239,203744
239,203749
239,203754
239,203759
239,203764
239,203769
239,203774
239,203778
239,203782
239,203786
239,203790
239,203794
239,203798
239,203802
239,203806
239,203810
239,203814
239,203818
239,203822
239,204827
239,204832
239,204837
239,204875
239,204880
239,204945
239,204950
1787,204995
1787,205000
1787,205005
1787,205010
239,205201
239,205206
239,205251
239,205256
239,205261
239,205266
239,205319
239,205323
239,205327
239,205331
239,205335
239,205339
239,205343
239,205347
239,205351
1787,208401
1787,208406
1787,208411
1787,208416
1787,208535
1787,208540
1787,208545
1787,208550
1787,208555
1787,208560
1787,208565
1787,208570
1787,208575
1787,208580
1787,208585
1787,208590
1787,208595
1787,208600
1787,208605
1787,208610
1787,208615
1787,208620
1787,208625
1787,208630
1787,208635
1787,212546
1787,212555
1787,212560
1787,212565
1787,212570
1787,212575
1787,212580
1787,212585
1787,212590
1787,212595
1787,212600
1787,212605
1787,212610
1787,212615
1787,212620
1787,212625
1787,212630
1787,212635
1787,212640
1787,212645
1787,212650
1787,212655
1787,212660
1787,212665
1787,212670
1787,212675
1787,212680
1787,212685
1787,212690
1787,212695
1787,212700
1787,212705
1787,212710
1787,212715
1787,212720
1787,212725
1787,212730
1787,212735
1787,212740
1787,212745
1787,212750
1787,212755
1787,212760
1787,212765
1787,212770
1787,212775
1787,212780
1787,212785
1787,212790
1787,212795
1787,212800
1787,212805
1787,212810
1787,212815
1787,212820
1787,212825
1787,212830
1787,212835
1787,212840
1787,212845
1787,212850
1787,212855
1787,212860
1787,212865
1787,212870
1787,212875
1787,212880
